[{"family":"MaterialIcons","fonts":[{"asset":"fonts/MaterialIcons-Regular.ttf"}]},{"family":"packages/cupertino_icons/CupertinoIcons","fonts":[{"asset":"packages/cupertino_icons/assets/CupertinoIcons.ttf"}]},{"family":"packages/flutter_auth_buttons/Roboto","fonts":[{"weight":500,"asset":"packages/flutter_auth_buttons/fonts/Roboto-Medium.ttf"}]},{"family":"packages/flutter_auth_buttons/SF Pro","fonts":[{"weight":500,"asset":"packages/flutter_auth_buttons/fonts/SF-Pro-Medium.ttf"}]},{"family":"packages/font_awesome_flutter/FontAwesomeBrands","fonts":[{"weight":400,"asset":"packages/font_awesome_flutter/lib/fonts/fa-brands-400.ttf"}]},{"family":"packages/font_awesome_flutter/FontAwesomeRegular","fonts":[{"weight":400,"asset":"packages/font_awesome_flutter/lib/fonts/fa-regular-400.ttf"}]},{"family":"packages/font_awesome_flutter/FontAwesomeSolid","fonts":[{"weight":900,"asset":"packages/font_awesome_flutter/lib/fonts/fa-solid-900.ttf"}]}]